"sale_date","sale_month","total_sales"
"2019-01-01","2019-01-01 00:00:00+05:30","4519.22"
"2019-01-02","2019-01-01 00:00:00+05:30","1852.86"
"2019-01-03","2019-01-01 00:00:00+05:30","1979.17"
"2019-01-04","2019-01-01 00:00:00+05:30","1546.3699999999997"
"2019-01-05","2019-01-01 00:00:00+05:30","3368.27"
"2019-01-06","2019-01-01 00:00:00+05:30","3442.1000000000004"
"2019-01-07","2019-01-01 00:00:00+05:30","2699.2799999999997"
"2019-01-08","2019-01-01 00:00:00+05:30","5041.6500000000015"
"2019-01-09","2019-01-01 00:00:00+05:30","2877.4700000000003"
"2019-01-10","2019-01-01 00:00:00+05:30","3391.3799999999997"
"2019-01-11","2019-01-01 00:00:00+05:30","2014.25"
"2019-01-12","2019-01-01 00:00:00+05:30","4937.87"
"2019-01-13","2019-01-01 00:00:00+05:30","2334.48"
"2019-01-14","2019-01-01 00:00:00+05:30","3777.73"
"2019-01-15","2019-01-01 00:00:00+05:30","5661.2"
"2019-01-16","2019-01-01 00:00:00+05:30","4084.84"
"2019-01-17","2019-01-01 00:00:00+05:30","2993.0999999999995"
"2019-01-18","2019-01-01 00:00:00+05:30","2648.0699999999997"
"2019-01-19","2019-01-01 00:00:00+05:30","4680.69"
"2019-01-20","2019-01-01 00:00:00+05:30","3481.38"
"2019-01-21","2019-01-01 00:00:00+05:30","2278.19"
"2019-01-22","2019-01-01 00:00:00+05:30","1623.59"
"2019-01-23","2019-01-01 00:00:00+05:30","5708.750000000001"
"2019-01-24","2019-01-01 00:00:00+05:30","5144.8099999999995"
"2019-01-25","2019-01-01 00:00:00+05:30","4476.54"
"2019-01-26","2019-01-01 00:00:00+05:30","4245.25"
"2019-01-27","2019-01-01 00:00:00+05:30","4415.14"
"2019-01-28","2019-01-01 00:00:00+05:30","4761.63"
"2019-01-29","2019-01-01 00:00:00+05:30","3349.1099999999997"
"2019-01-30","2019-01-01 00:00:00+05:30","2436.4400000000005"
"2019-01-31","2019-01-01 00:00:00+05:30","4983.33"
"2019-02-01","2019-02-01 00:00:00+05:30","2328.13"
"2019-02-02","2019-02-01 00:00:00+05:30","3943.7599999999998"
"2019-02-03","2019-02-01 00:00:00+05:30","5207.549999999999"
"2019-02-04","2019-02-01 00:00:00+05:30","2323.33"
"2019-02-05","2019-02-01 00:00:00+05:30","2886.79"
"2019-02-06","2019-02-01 00:00:00+05:30","2767.07"
"2019-02-07","2019-02-01 00:00:00+05:30","6884.01"
"2019-02-08","2019-02-01 00:00:00+05:30","4842.53"
"2019-02-09","2019-02-01 00:00:00+05:30","3116.09"
"2019-02-10","2019-02-01 00:00:00+05:30","2991.45"
"2019-02-11","2019-02-01 00:00:00+05:30","4325.86"
"2019-02-12","2019-02-01 00:00:00+05:30","2856.18"
"2019-02-13","2019-02-01 00:00:00+05:30","889.75"
"2019-02-14","2019-02-01 00:00:00+05:30","2337.23"
"2019-02-15","2019-02-01 00:00:00+05:30","6505.51"
"2019-02-16","2019-02-01 00:00:00+05:30","2384.54"
"2019-02-17","2019-02-01 00:00:00+05:30","5047.210000000001"
"2019-02-18","2019-02-01 00:00:00+05:30","1424.79"
"2019-02-19","2019-02-01 00:00:00+05:30","4026.7799999999997"
"2019-02-20","2019-02-01 00:00:00+05:30","2577.54"
"2019-02-21","2019-02-01 00:00:00+05:30","1327.3700000000001"
"2019-02-22","2019-02-01 00:00:00+05:30","2326.01"
"2019-02-23","2019-02-01 00:00:00+05:30","2228.1800000000003"
"2019-02-24","2019-02-01 00:00:00+05:30","2592.82"
"2019-02-25","2019-02-01 00:00:00+05:30","4578.32"
"2019-02-26","2019-02-01 00:00:00+05:30","2293.4900000000002"
"2019-02-27","2019-02-01 00:00:00+05:30","5580.4299999999985"
"2019-02-28","2019-02-01 00:00:00+05:30","1997.1599999999999"
"2019-03-01","2019-03-01 00:00:00+05:30","2508.92"
"2019-03-02","2019-03-01 00:00:00+05:30","6247.91"
"2019-03-03","2019-03-01 00:00:00+05:30","4622.070000000001"
"2019-03-04","2019-03-01 00:00:00+05:30","3708.99"
"2019-03-05","2019-03-01 00:00:00+05:30","5934.169999999999"
"2019-03-06","2019-03-01 00:00:00+05:30","2945.33"
"2019-03-07","2019-03-01 00:00:00+05:30","1369.77"
"2019-03-08","2019-03-01 00:00:00+05:30","2976.56"
"2019-03-09","2019-03-01 00:00:00+05:30","7118.139999999999"
"2019-03-10","2019-03-01 00:00:00+05:30","3012.6"
"2019-03-11","2019-03-01 00:00:00+05:30","2820.2399999999993"
"2019-03-12","2019-03-01 00:00:00+05:30","3502.43"
"2019-03-13","2019-03-01 00:00:00+05:30","1965.34"
"2019-03-14","2019-03-01 00:00:00+05:30","6871.079999999999"
"2019-03-15","2019-03-01 00:00:00+05:30","2802.2999999999993"
"2019-03-16","2019-03-01 00:00:00+05:30","3004.2599999999998"
"2019-03-17","2019-03-01 00:00:00+05:30","1882.18"
"2019-03-18","2019-03-01 00:00:00+05:30","1231.27"
"2019-03-19","2019-03-01 00:00:00+05:30","5467.039999999999"
"2019-03-20","2019-03-01 00:00:00+05:30","5198.29"
"2019-03-21","2019-03-01 00:00:00+05:30","1788.11"
"2019-03-22","2019-03-01 00:00:00+05:30","3027.7600000000007"
"2019-03-23","2019-03-01 00:00:00+05:30","3900.04"
"2019-03-24","2019-03-01 00:00:00+05:30","3311.87"
"2019-03-25","2019-03-01 00:00:00+05:30","2164.73"
"2019-03-26","2019-03-01 00:00:00+05:30","1869.06"
"2019-03-27","2019-03-01 00:00:00+05:30","2764.59"
"2019-03-28","2019-03-01 00:00:00+05:30","2123.2400000000002"
"2019-03-29","2019-03-01 00:00:00+05:30","3831.66"
"2019-03-30","2019-03-01 00:00:00+05:30","4273.389999999999"
"2020-01-01","2020-01-01 00:00:00+05:30","63"
"2020-01-02","2020-01-01 00:00:00+05:30","117"
"2020-01-03","2020-01-01 00:00:00+05:30","57"
"2020-01-04","2020-01-01 00:00:00+05:30","88"
"2020-01-05","2020-01-01 00:00:00+05:30","627"
"2020-01-07","2020-01-01 00:00:00+05:30","370"
"2020-01-08","2020-01-01 00:00:00+05:30","481"
"2020-01-09","2020-01-01 00:00:00+05:30","83"
"2020-01-11","2020-01-01 00:00:00+05:30","185"
"2020-01-12","2020-01-01 00:00:00+05:30","178"
"2020-01-13","2020-01-01 00:00:00+05:30","234"
"2020-01-14","2020-01-01 00:00:00+05:30","52"
"2020-01-15","2020-01-01 00:00:00+05:30","144"
"2020-01-17","2020-01-01 00:00:00+05:30","393"
"2020-01-20","2020-01-01 00:00:00+05:30","215"
"2020-01-21","2020-01-01 00:00:00+05:30","160"
"2020-01-22","2020-01-01 00:00:00+05:30","338"
"2020-01-23","2020-01-01 00:00:00+05:30","347"
"2020-01-24","2020-01-01 00:00:00+05:30","814"
"2020-01-25","2020-01-01 00:00:00+05:30","609"
"2020-01-26","2020-01-01 00:00:00+05:30","78"
"2020-01-27","2020-01-01 00:00:00+05:30","227"
"2020-01-28","2020-01-01 00:00:00+05:30","201"
"2020-01-29","2020-01-01 00:00:00+05:30","276"
"2020-01-30","2020-01-01 00:00:00+05:30","434"
"2020-02-02","2020-02-01 00:00:00+05:30","50"
"2020-02-03","2020-02-01 00:00:00+05:30","54"
"2020-02-04","2020-02-01 00:00:00+05:30","404"
"2020-02-05","2020-02-01 00:00:00+05:30","128"
"2020-02-06","2020-02-01 00:00:00+05:30","239"
"2020-02-07","2020-02-01 00:00:00+05:30","168"
"2020-02-08","2020-02-01 00:00:00+05:30","361"
"2020-02-09","2020-02-01 00:00:00+05:30","75"
"2020-02-10","2020-02-01 00:00:00+05:30","547"
"2020-02-11","2020-02-01 00:00:00+05:30","250"
"2020-02-12","2020-02-01 00:00:00+05:30","94"
"2020-02-13","2020-02-01 00:00:00+05:30","200"
"2020-02-14","2020-02-01 00:00:00+05:30","99"
"2020-02-15","2020-02-01 00:00:00+05:30","116"
"2020-02-16","2020-02-01 00:00:00+05:30","153"
"2020-02-17","2020-02-01 00:00:00+05:30","156"
"2020-02-18","2020-02-01 00:00:00+05:30","648"
"2020-02-19","2020-02-01 00:00:00+05:30","693"
"2020-02-20","2020-02-01 00:00:00+05:30","133"
"2020-02-21","2020-02-01 00:00:00+05:30","467"
"2020-02-22","2020-02-01 00:00:00+05:30","242"
"2020-02-23","2020-02-01 00:00:00+05:30","206"
"2020-02-24","2020-02-01 00:00:00+05:30","359"
"2020-02-25","2020-02-01 00:00:00+05:30","96"
"2020-02-26","2020-02-01 00:00:00+05:30","170"
"2020-02-27","2020-02-01 00:00:00+05:30","451"
"2020-02-28","2020-02-01 00:00:00+05:30","365"
"2020-02-29","2020-02-01 00:00:00+05:30","111"
"2020-03-01","2020-03-01 00:00:00+05:30","156"
"2020-03-02","2020-03-01 00:00:00+05:30","520"
"2020-03-03","2020-03-01 00:00:00+05:30","263"
"2020-03-04","2020-03-01 00:00:00+05:30","194"
"2020-03-05","2020-03-01 00:00:00+05:30","156"
"2020-03-07","2020-03-01 00:00:00+05:30","132"
"2020-03-08","2020-03-01 00:00:00+05:30","254"
"2020-03-09","2020-03-01 00:00:00+05:30","24"
"2020-03-10","2020-03-01 00:00:00+05:30","17"
"2020-03-11","2020-03-01 00:00:00+05:30","115"
"2020-03-12","2020-03-01 00:00:00+05:30","167"
"2020-03-13","2020-03-01 00:00:00+05:30","136"
"2020-03-14","2020-03-01 00:00:00+05:30","332"
"2020-03-16","2020-03-01 00:00:00+05:30","201"
"2020-03-18","2020-03-01 00:00:00+05:30","78"
"2020-03-19","2020-03-01 00:00:00+05:30","475"
"2020-03-20","2020-03-01 00:00:00+05:30","177"
"2020-03-21","2020-03-01 00:00:00+05:30","237"
"2020-03-22","2020-03-01 00:00:00+05:30","96"
"2020-03-24","2020-03-01 00:00:00+05:30","478"
"2020-03-25","2020-03-01 00:00:00+05:30","603"
"2020-03-26","2020-03-01 00:00:00+05:30","302"
"2020-03-27","2020-03-01 00:00:00+05:30","279"
"2020-03-28","2020-03-01 00:00:00+05:30","123"
"2020-03-29","2020-03-01 00:00:00+05:30","321"
"2020-03-30","2020-03-01 00:00:00+05:30","154"
"2020-03-31","2020-03-01 00:00:00+05:30","198"
"2020-04-01","2020-04-01 00:00:00+05:30","240"
"2020-04-02","2020-04-01 00:00:00+05:30","60"
"2020-04-03","2020-04-01 00:00:00+05:30","319"
"2020-04-04","2020-04-01 00:00:00+05:30","454"
"2020-04-05","2020-04-01 00:00:00+05:30","600"
"2020-04-06","2020-04-01 00:00:00+05:30","367"
"2020-04-07","2020-04-01 00:00:00+05:30","412"
"2020-04-08","2020-04-01 00:00:00+05:30","174"
"2020-04-09","2020-04-01 00:00:00+05:30","135"
"2020-04-11","2020-04-01 00:00:00+05:30","276"
"2020-04-12","2020-04-01 00:00:00+05:30","343"
"2020-04-13","2020-04-01 00:00:00+05:30","366"
"2020-04-14","2020-04-01 00:00:00+05:30","140"
"2020-04-15","2020-04-01 00:00:00+05:30","441"
"2020-04-16","2020-04-01 00:00:00+05:30","351"
"2020-04-19","2020-04-01 00:00:00+05:30","370"
"2020-04-20","2020-04-01 00:00:00+05:30","174"
"2020-04-21","2020-04-01 00:00:00+05:30","70"
"2020-04-22","2020-04-01 00:00:00+05:30","226"
"2020-04-23","2020-04-01 00:00:00+05:30","104"
"2020-04-24","2020-04-01 00:00:00+05:30","369"
"2020-04-25","2020-04-01 00:00:00+05:30","290"
"2020-04-26","2020-04-01 00:00:00+05:30","186"
"2020-04-27","2020-04-01 00:00:00+05:30","356"
"2020-04-28","2020-04-01 00:00:00+05:30","128"
"2020-04-29","2020-04-01 00:00:00+05:30","147"
"2020-04-30","2020-04-01 00:00:00+05:30","120"
"2020-05-01","2020-05-01 00:00:00+05:30","423"
"2020-05-03","2020-05-01 00:00:00+05:30","210"
"2020-05-04","2020-05-01 00:00:00+05:30","321"
"2020-05-05","2020-05-01 00:00:00+05:30","597"
"2020-05-06","2020-05-01 00:00:00+05:30","633"
"2020-05-07","2020-05-01 00:00:00+05:30","426"
"2020-05-08","2020-05-01 00:00:00+05:30","605"
"2020-05-10","2020-05-01 00:00:00+05:30","543"
"2020-05-11","2020-05-01 00:00:00+05:30","240"
"2020-05-12","2020-05-01 00:00:00+05:30","132"
"2020-05-13","2020-05-01 00:00:00+05:30","252"
"2020-05-14","2020-05-01 00:00:00+05:30","32"
"2020-05-15","2020-05-01 00:00:00+05:30","400"
"2020-05-16","2020-05-01 00:00:00+05:30","216"
"2020-05-17","2020-05-01 00:00:00+05:30","24"
"2020-05-19","2020-05-01 00:00:00+05:30","357"
"2020-05-20","2020-05-01 00:00:00+05:30","192"
"2020-05-21","2020-05-01 00:00:00+05:30","458"
"2020-05-22","2020-05-01 00:00:00+05:30","401"
"2020-05-23","2020-05-01 00:00:00+05:30","186"
"2020-05-24","2020-05-01 00:00:00+05:30","419"
"2020-05-25","2020-05-01 00:00:00+05:30","182"
"2020-05-26","2020-05-01 00:00:00+05:30","356"
"2020-05-27","2020-05-01 00:00:00+05:30","240"
"2020-05-28","2020-05-01 00:00:00+05:30","147"
"2020-05-30","2020-05-01 00:00:00+05:30","446"
"2020-05-31","2020-05-01 00:00:00+05:30","110"
"2020-06-02","2020-06-01 00:00:00+05:30","92"
"2020-06-03","2020-06-01 00:00:00+05:30","50"
"2020-06-04","2020-06-01 00:00:00+05:30","363"
"2020-06-06","2020-06-01 00:00:00+05:30","160"
"2020-06-07","2020-06-01 00:00:00+05:30","141"
"2020-06-08","2020-06-01 00:00:00+05:30","212"
"2020-06-09","2020-06-01 00:00:00+05:30","314"
"2020-06-10","2020-06-01 00:00:00+05:30","332"
"2020-06-11","2020-06-01 00:00:00+05:30","30"
"2020-06-12","2020-06-01 00:00:00+05:30","303"
"2020-06-13","2020-06-01 00:00:00+05:30","147"
"2020-06-14","2020-06-01 00:00:00+05:30","191"
"2020-06-15","2020-06-01 00:00:00+05:30","348"
"2020-06-17","2020-06-01 00:00:00+05:30","92"
"2020-06-18","2020-06-01 00:00:00+05:30","166"
"2020-06-19","2020-06-01 00:00:00+05:30","333"
"2020-06-20","2020-06-01 00:00:00+05:30","142"
"2020-06-21","2020-06-01 00:00:00+05:30","217"
"2020-06-22","2020-06-01 00:00:00+05:30","460"
"2020-06-23","2020-06-01 00:00:00+05:30","136"
"2020-06-24","2020-06-01 00:00:00+05:30","215"
"2020-06-25","2020-06-01 00:00:00+05:30","72"
"2020-06-26","2020-06-01 00:00:00+05:30","501"
"2020-06-27","2020-06-01 00:00:00+05:30","202"
"2020-06-28","2020-06-01 00:00:00+05:30","158"
"2020-06-30","2020-06-01 00:00:00+05:30","57"
"2020-07-01","2020-07-01 00:00:00+05:30","186"
"2020-07-02","2020-07-01 00:00:00+05:30","164"
"2020-07-03","2020-07-01 00:00:00+05:30","171"
"2020-07-04","2020-07-01 00:00:00+05:30","108"
"2020-07-05","2020-07-01 00:00:00+05:30","138"
"2020-07-06","2020-07-01 00:00:00+05:30","34"
"2020-07-07","2020-07-01 00:00:00+05:30","228"
"2020-07-08","2020-07-01 00:00:00+05:30","325"
"2020-07-09","2020-07-01 00:00:00+05:30","338"
"2020-07-10","2020-07-01 00:00:00+05:30","213"
"2020-07-12","2020-07-01 00:00:00+05:30","28"
"2020-07-13","2020-07-01 00:00:00+05:30","456"
"2020-07-14","2020-07-01 00:00:00+05:30","210"
"2020-07-15","2020-07-01 00:00:00+05:30","139"
"2020-07-16","2020-07-01 00:00:00+05:30","78"
"2020-07-17","2020-07-01 00:00:00+05:30","214"
"2020-07-18","2020-07-01 00:00:00+05:30","148"
"2020-07-20","2020-07-01 00:00:00+05:30","331"
"2020-07-21","2020-07-01 00:00:00+05:30","234"
"2020-07-22","2020-07-01 00:00:00+05:30","425"
"2020-07-23","2020-07-01 00:00:00+05:30","278"
"2020-07-24","2020-07-01 00:00:00+05:30","605"
"2020-07-25","2020-07-01 00:00:00+05:30","85"
"2020-07-26","2020-07-01 00:00:00+05:30","149"
"2020-07-27","2020-07-01 00:00:00+05:30","622"
"2020-07-28","2020-07-01 00:00:00+05:30","355"
"2020-07-29","2020-07-01 00:00:00+05:30","273"
"2020-07-30","2020-07-01 00:00:00+05:30","258"
"2020-07-31","2020-07-01 00:00:00+05:30","87"
"2020-08-01","2020-08-01 00:00:00+05:30","625"
"2020-08-02","2020-08-01 00:00:00+05:30","355"
"2020-08-03","2020-08-01 00:00:00+05:30","722"
"2020-08-04","2020-08-01 00:00:00+05:30","659"
"2020-08-05","2020-08-01 00:00:00+05:30","876"
"2020-08-06","2020-08-01 00:00:00+05:30","551"
"2020-08-07","2020-08-01 00:00:00+05:30","710"
"2020-08-08","2020-08-01 00:00:00+05:30","582"
"2020-08-09","2020-08-01 00:00:00+05:30","851"
"2020-08-10","2020-08-01 00:00:00+05:30","516"
"2020-08-11","2020-08-01 00:00:00+05:30","170"
"2020-08-12","2020-08-01 00:00:00+05:30","483"
"2020-08-13","2020-08-01 00:00:00+05:30","951"
"2020-08-14","2020-08-01 00:00:00+05:30","335"
"2020-08-15","2020-08-01 00:00:00+05:30","323"
"2020-08-16","2020-08-01 00:00:00+05:30","401"
"2020-08-17","2020-08-01 00:00:00+05:30","263"
"2020-08-18","2020-08-01 00:00:00+05:30","489"
"2020-08-19","2020-08-01 00:00:00+05:30","301"
"2020-08-20","2020-08-01 00:00:00+05:30","210"
"2020-08-21","2020-08-01 00:00:00+05:30","226"
"2020-08-22","2020-08-01 00:00:00+05:30","107"
"2020-08-23","2020-08-01 00:00:00+05:30","291"
"2020-08-24","2020-08-01 00:00:00+05:30","23"
"2020-08-25","2020-08-01 00:00:00+05:30","396"
"2020-08-26","2020-08-01 00:00:00+05:30","852"
"2020-08-27","2020-08-01 00:00:00+05:30","923"
"2020-08-28","2020-08-01 00:00:00+05:30","864"
"2020-08-29","2020-08-01 00:00:00+05:30","1286"
"2020-08-30","2020-08-01 00:00:00+05:30","744"
"2020-08-31","2020-08-01 00:00:00+05:30","732"
"2020-09-01","2020-09-01 00:00:00+05:30","170"
"2020-09-02","2020-09-01 00:00:00+05:30","837"
"2020-09-03","2020-09-01 00:00:00+05:30","551"
"2020-09-04","2020-09-01 00:00:00+05:30","210"
"2020-09-05","2020-09-01 00:00:00+05:30","359"
"2020-09-06","2020-09-01 00:00:00+05:30","203"
"2020-09-07","2020-09-01 00:00:00+05:30","326"
"2020-09-08","2020-09-01 00:00:00+05:30","644"
"2020-09-09","2020-09-01 00:00:00+05:30","698"
"2020-09-10","2020-09-01 00:00:00+05:30","243"
"2020-09-11","2020-09-01 00:00:00+05:30","497"
"2020-09-12","2020-09-01 00:00:00+05:30","409"
"2020-09-13","2020-09-01 00:00:00+05:30","1019"
"2020-09-14","2020-09-01 00:00:00+05:30","184"
"2020-09-15","2020-09-01 00:00:00+05:30","762"
"2020-09-16","2020-09-01 00:00:00+05:30","312"
"2020-09-17","2020-09-01 00:00:00+05:30","451"
"2020-09-18","2020-09-01 00:00:00+05:30","429"
"2020-09-19","2020-09-01 00:00:00+05:30","788"
"2020-09-20","2020-09-01 00:00:00+05:30","537"
"2020-09-21","2020-09-01 00:00:00+05:30","458"
"2020-09-22","2020-09-01 00:00:00+05:30","707"
"2020-09-23","2020-09-01 00:00:00+05:30","780"
"2020-09-24","2020-09-01 00:00:00+05:30","75"
"2020-09-25","2020-09-01 00:00:00+05:30","615"
"2020-09-26","2020-09-01 00:00:00+05:30","728"
"2020-09-27","2020-09-01 00:00:00+05:30","256"
"2020-09-28","2020-09-01 00:00:00+05:30","607"
"2020-09-29","2020-09-01 00:00:00+05:30","509"
"2020-09-30","2020-09-01 00:00:00+05:30","981"
"2020-10-01","2020-10-01 00:00:00+05:30","1539"
"2020-10-02","2020-10-01 00:00:00+05:30","530"
"2020-10-03","2020-10-01 00:00:00+05:30","302"
"2020-10-04","2020-10-01 00:00:00+05:30","1219"
"2020-10-05","2020-10-01 00:00:00+05:30","238"
"2020-10-06","2020-10-01 00:00:00+05:30","409"
"2020-10-07","2020-10-01 00:00:00+05:30","520"
"2020-10-08","2020-10-01 00:00:00+05:30","466"
"2020-10-09","2020-10-01 00:00:00+05:30","86"
"2020-10-10","2020-10-01 00:00:00+05:30","829"
"2020-10-11","2020-10-01 00:00:00+05:30","749"
"2020-10-12","2020-10-01 00:00:00+05:30","682"
"2020-10-13","2020-10-01 00:00:00+05:30","1002"
"2020-10-14","2020-10-01 00:00:00+05:30","843"
"2020-10-15","2020-10-01 00:00:00+05:30","390"
"2020-10-16","2020-10-01 00:00:00+05:30","407"
"2020-10-17","2020-10-01 00:00:00+05:30","529"
"2020-10-18","2020-10-01 00:00:00+05:30","568"
"2020-10-19","2020-10-01 00:00:00+05:30","693"
"2020-10-20","2020-10-01 00:00:00+05:30","834"
"2020-10-21","2020-10-01 00:00:00+05:30","1151"
"2020-10-22","2020-10-01 00:00:00+05:30","780"
"2020-10-23","2020-10-01 00:00:00+05:30","379"
"2020-10-24","2020-10-01 00:00:00+05:30","412"
"2020-10-25","2020-10-01 00:00:00+05:30","343"
"2020-10-26","2020-10-01 00:00:00+05:30","132"
"2020-10-27","2020-10-01 00:00:00+05:30","411"
"2020-10-28","2020-10-01 00:00:00+05:30","331"
"2020-10-29","2020-10-01 00:00:00+05:30","825"
"2020-10-30","2020-10-01 00:00:00+05:30","126"
"2020-10-31","2020-10-01 00:00:00+05:30","533"
"2020-11-01","2020-11-01 00:00:00+05:30","2738"
"2020-11-02","2020-11-01 00:00:00+05:30","1830"
"2020-11-03","2020-11-01 00:00:00+05:30","1635"
"2020-11-04","2020-11-01 00:00:00+05:30","985"
"2020-11-05","2020-11-01 00:00:00+05:30","1822"
"2020-11-06","2020-11-01 00:00:00+05:30","2102"
"2020-11-07","2020-11-01 00:00:00+05:30","1405"
"2020-11-08","2020-11-01 00:00:00+05:30","2171"
"2020-11-09","2020-11-01 00:00:00+05:30","2034"
"2020-11-10","2020-11-01 00:00:00+05:30","1962"
"2020-11-11","2020-11-01 00:00:00+05:30","1236"
"2020-11-12","2020-11-01 00:00:00+05:30","2282"
"2020-11-13","2020-11-01 00:00:00+05:30","1750"
"2020-11-14","2020-11-01 00:00:00+05:30","2792"
"2020-11-15","2020-11-01 00:00:00+05:30","2153"
"2020-11-16","2020-11-01 00:00:00+05:30","2184"
"2020-11-17","2020-11-01 00:00:00+05:30","2132"
"2020-11-18","2020-11-01 00:00:00+05:30","2581"
"2020-11-19","2020-11-01 00:00:00+05:30","1643"
"2020-11-20","2020-11-01 00:00:00+05:30","1579"
"2020-11-21","2020-11-01 00:00:00+05:30","2589"
"2020-11-22","2020-11-01 00:00:00+05:30","2220"
"2020-11-23","2020-11-01 00:00:00+05:30","1843"
"2020-11-24","2020-11-01 00:00:00+05:30","1600"
"2020-11-25","2020-11-01 00:00:00+05:30","1929"
"2020-11-26","2020-11-01 00:00:00+05:30","2094"
"2020-11-27","2020-11-01 00:00:00+05:30","3547"
"2020-11-28","2020-11-01 00:00:00+05:30","1689"
"2020-11-29","2020-11-01 00:00:00+05:30","1893"
"2020-11-30","2020-11-01 00:00:00+05:30","1726"
"2020-12-01","2020-12-01 00:00:00+05:30","3752"
"2020-12-02","2020-12-01 00:00:00+05:30","1660"
"2020-12-03","2020-12-01 00:00:00+05:30","1972"
"2020-12-04","2020-12-01 00:00:00+05:30","1380"
"2020-12-05","2020-12-01 00:00:00+05:30","1148"
"2020-12-06","2020-12-01 00:00:00+05:30","1778"
"2020-12-07","2020-12-01 00:00:00+05:30","2240"
"2020-12-08","2020-12-01 00:00:00+05:30","1788"
"2020-12-09","2020-12-01 00:00:00+05:30","2795"
"2020-12-10","2020-12-01 00:00:00+05:30","1968"
"2020-12-11","2020-12-01 00:00:00+05:30","3184"
"2020-12-12","2020-12-01 00:00:00+05:30","1696"
"2020-12-13","2020-12-01 00:00:00+05:30","2188"
"2020-12-14","2020-12-01 00:00:00+05:30","1016"
"2020-12-15","2020-12-01 00:00:00+05:30","2370"
"2020-12-16","2020-12-01 00:00:00+05:30","1583"
"2020-12-17","2020-12-01 00:00:00+05:30","1920"
"2020-12-18","2020-12-01 00:00:00+05:30","1768"
"2020-12-19","2020-12-01 00:00:00+05:30","1533"
"2020-12-20","2020-12-01 00:00:00+05:30","2035"
"2020-12-21","2020-12-01 00:00:00+05:30","2733"
"2020-12-22","2020-12-01 00:00:00+05:30","1752"
"2020-12-23","2020-12-01 00:00:00+05:30","1825"
"2020-12-24","2020-12-01 00:00:00+05:30","1871"
"2020-12-25","2020-12-01 00:00:00+05:30","2081"
"2020-12-26","2020-12-01 00:00:00+05:30","1649"
"2020-12-27","2020-12-01 00:00:00+05:30","1615"
"2020-12-28","2020-12-01 00:00:00+05:30","1173"
"2020-12-29","2020-12-01 00:00:00+05:30","2964"
"2020-12-30","2020-12-01 00:00:00+05:30","1754"
"2020-12-31","2020-12-01 00:00:00+05:30","1592"
"2021-01-01","2021-01-01 00:00:00+05:30","259"
"2021-01-02","2021-01-01 00:00:00+05:30","262"
"2021-01-03","2021-01-01 00:00:00+05:30","312"
"2021-01-04","2021-01-01 00:00:00+05:30","419"
"2021-01-05","2021-01-01 00:00:00+05:30","86"
"2021-01-06","2021-01-01 00:00:00+05:30","246"
"2021-01-07","2021-01-01 00:00:00+05:30","288"
"2021-01-08","2021-01-01 00:00:00+05:30","576"
"2021-01-11","2021-01-01 00:00:00+05:30","662"
"2021-01-12","2021-01-01 00:00:00+05:30","154"
"2021-01-13","2021-01-01 00:00:00+05:30","477"
"2021-01-14","2021-01-01 00:00:00+05:30","274"
"2021-01-16","2021-01-01 00:00:00+05:30","272"
"2021-01-17","2021-01-01 00:00:00+05:30","261"
"2021-01-18","2021-01-01 00:00:00+05:30","361"
"2021-01-19","2021-01-01 00:00:00+05:30","583"
"2021-01-20","2021-01-01 00:00:00+05:30","319"
"2021-01-21","2021-01-01 00:00:00+05:30","102"
"2021-01-22","2021-01-01 00:00:00+05:30","267"
"2021-01-23","2021-01-01 00:00:00+05:30","199"
"2021-01-24","2021-01-01 00:00:00+05:30","342"
"2021-01-26","2021-01-01 00:00:00+05:30","104"
"2021-01-27","2021-01-01 00:00:00+05:30","329"
"2021-01-29","2021-01-01 00:00:00+05:30","144"
"2021-01-31","2021-01-01 00:00:00+05:30","270"
"2021-02-02","2021-02-01 00:00:00+05:30","529"
"2021-02-03","2021-02-01 00:00:00+05:30","167"
"2021-02-04","2021-02-01 00:00:00+05:30","108"
"2021-02-07","2021-02-01 00:00:00+05:30","32"
"2021-02-08","2021-02-01 00:00:00+05:30","120"
"2021-02-09","2021-02-01 00:00:00+05:30","531"
"2021-02-10","2021-02-01 00:00:00+05:30","268"
"2021-02-11","2021-02-01 00:00:00+05:30","598"
"2021-02-12","2021-02-01 00:00:00+05:30","449"
"2021-02-13","2021-02-01 00:00:00+05:30","653"
"2021-02-14","2021-02-01 00:00:00+05:30","222"
"2021-02-15","2021-02-01 00:00:00+05:30","739"
"2021-02-16","2021-02-01 00:00:00+05:30","336"
"2021-02-17","2021-02-01 00:00:00+05:30","132"
"2021-02-18","2021-02-01 00:00:00+05:30","609"
"2021-02-19","2021-02-01 00:00:00+05:30","296"
"2021-02-20","2021-02-01 00:00:00+05:30","49"
"2021-02-22","2021-02-01 00:00:00+05:30","251"
"2021-02-23","2021-02-01 00:00:00+05:30","246"
"2021-02-24","2021-02-01 00:00:00+05:30","426"
"2021-02-25","2021-02-01 00:00:00+05:30","447"
"2021-02-26","2021-02-01 00:00:00+05:30","186"
"2021-02-27","2021-02-01 00:00:00+05:30","67"
"2021-02-28","2021-02-01 00:00:00+05:30","539"
"2021-03-01","2021-03-01 00:00:00+05:30","457"
"2021-03-02","2021-03-01 00:00:00+05:30","499"
"2021-03-03","2021-03-01 00:00:00+05:30","240"
"2021-03-04","2021-03-01 00:00:00+05:30","261"
"2021-03-05","2021-03-01 00:00:00+05:30","157"
"2021-03-06","2021-03-01 00:00:00+05:30","364"
"2021-03-07","2021-03-01 00:00:00+05:30","231"
"2021-03-09","2021-03-01 00:00:00+05:30","162"
"2021-03-10","2021-03-01 00:00:00+05:30","439"
"2021-03-11","2021-03-01 00:00:00+05:30","251"
"2021-03-13","2021-03-01 00:00:00+05:30","189"
"2021-03-14","2021-03-01 00:00:00+05:30","142"
"2021-03-15","2021-03-01 00:00:00+05:30","334"
"2021-03-16","2021-03-01 00:00:00+05:30","267"
"2021-03-18","2021-03-01 00:00:00+05:30","837"
"2021-03-19","2021-03-01 00:00:00+05:30","240"
"2021-03-21","2021-03-01 00:00:00+05:30","222"
"2021-03-22","2021-03-01 00:00:00+05:30","156"
"2021-03-23","2021-03-01 00:00:00+05:30","104"
"2021-03-24","2021-03-01 00:00:00+05:30","366"
"2021-03-25","2021-03-01 00:00:00+05:30","183"
"2021-03-26","2021-03-01 00:00:00+05:30","130"
"2021-03-27","2021-03-01 00:00:00+05:30","165"
"2021-03-28","2021-03-01 00:00:00+05:30","222"
"2021-03-29","2021-03-01 00:00:00+05:30","173"
"2021-03-30","2021-03-01 00:00:00+05:30","613"
"2021-03-31","2021-03-01 00:00:00+05:30","90"
"2021-04-01","2021-04-01 00:00:00+05:30","148"
"2021-04-02","2021-04-01 00:00:00+05:30","152"
"2021-04-03","2021-04-01 00:00:00+05:30","493"
"2021-04-04","2021-04-01 00:00:00+05:30","374"
"2021-04-05","2021-04-01 00:00:00+05:30","75"
"2021-04-06","2021-04-01 00:00:00+05:30","452"
"2021-04-07","2021-04-01 00:00:00+05:30","387"
"2021-04-08","2021-04-01 00:00:00+05:30","78"
"2021-04-09","2021-04-01 00:00:00+05:30","371"
"2021-04-10","2021-04-01 00:00:00+05:30","134"
"2021-04-11","2021-04-01 00:00:00+05:30","138"
"2021-04-12","2021-04-01 00:00:00+05:30","184"
"2021-04-13","2021-04-01 00:00:00+05:30","277"
"2021-04-16","2021-04-01 00:00:00+05:30","31"
"2021-04-17","2021-04-01 00:00:00+05:30","589"
"2021-04-18","2021-04-01 00:00:00+05:30","339"
"2021-04-19","2021-04-01 00:00:00+05:30","237"
"2021-04-20","2021-04-01 00:00:00+05:30","105"
"2021-04-21","2021-04-01 00:00:00+05:30","375"
"2021-04-22","2021-04-01 00:00:00+05:30","283"
"2021-04-23","2021-04-01 00:00:00+05:30","202"
"2021-04-24","2021-04-01 00:00:00+05:30","269"
"2021-04-25","2021-04-01 00:00:00+05:30","164"
"2021-04-26","2021-04-01 00:00:00+05:30","212"
"2021-04-27","2021-04-01 00:00:00+05:30","89"
"2021-04-28","2021-04-01 00:00:00+05:30","152"
"2021-04-29","2021-04-01 00:00:00+05:30","20"
"2021-04-30","2021-04-01 00:00:00+05:30","48"
"2021-05-01","2021-05-01 00:00:00+05:30","1249"
"2021-05-03","2021-05-01 00:00:00+05:30","411"
"2021-05-04","2021-05-01 00:00:00+05:30","141"
"2021-05-05","2021-05-01 00:00:00+05:30","172"
"2021-05-06","2021-05-01 00:00:00+05:30","120"
"2021-05-07","2021-05-01 00:00:00+05:30","372"
"2021-05-08","2021-05-01 00:00:00+05:30","481"
"2021-05-09","2021-05-01 00:00:00+05:30","647"
"2021-05-10","2021-05-01 00:00:00+05:30","92"
"2021-05-11","2021-05-01 00:00:00+05:30","133"
"2021-05-12","2021-05-01 00:00:00+05:30","396"
"2021-05-13","2021-05-01 00:00:00+05:30","128"
"2021-05-14","2021-05-01 00:00:00+05:30","59"
"2021-05-15","2021-05-01 00:00:00+05:30","202"
"2021-05-16","2021-05-01 00:00:00+05:30","226"
"2021-05-17","2021-05-01 00:00:00+05:30","372"
"2021-05-18","2021-05-01 00:00:00+05:30","369"
"2021-05-19","2021-05-01 00:00:00+05:30","179"
"2021-05-20","2021-05-01 00:00:00+05:30","180"
"2021-05-21","2021-05-01 00:00:00+05:30","52"
"2021-05-22","2021-05-01 00:00:00+05:30","70"
"2021-05-24","2021-05-01 00:00:00+05:30","116"
"2021-05-25","2021-05-01 00:00:00+05:30","90"
"2021-05-26","2021-05-01 00:00:00+05:30","234"
"2021-05-27","2021-05-01 00:00:00+05:30","86"
"2021-05-28","2021-05-01 00:00:00+05:30","99"
"2021-05-30","2021-05-01 00:00:00+05:30","196"
"2021-05-31","2021-05-01 00:00:00+05:30","156"
"2021-06-01","2021-06-01 00:00:00+05:30","254"
"2021-06-02","2021-06-01 00:00:00+05:30","34"
"2021-06-03","2021-06-01 00:00:00+05:30","531"
"2021-06-04","2021-06-01 00:00:00+05:30","123"
"2021-06-05","2021-06-01 00:00:00+05:30","339"
"2021-06-06","2021-06-01 00:00:00+05:30","65"
"2021-06-08","2021-06-01 00:00:00+05:30","146"
"2021-06-09","2021-06-01 00:00:00+05:30","38"
"2021-06-10","2021-06-01 00:00:00+05:30","356"
"2021-06-11","2021-06-01 00:00:00+05:30","138"
"2021-06-12","2021-06-01 00:00:00+05:30","75"
"2021-06-13","2021-06-01 00:00:00+05:30","252"
"2021-06-14","2021-06-01 00:00:00+05:30","40"
"2021-06-15","2021-06-01 00:00:00+05:30","354"
"2021-06-17","2021-06-01 00:00:00+05:30","168"
"2021-06-18","2021-06-01 00:00:00+05:30","378"
"2021-06-19","2021-06-01 00:00:00+05:30","339"
"2021-06-20","2021-06-01 00:00:00+05:30","398"
"2021-06-21","2021-06-01 00:00:00+05:30","184"
"2021-06-22","2021-06-01 00:00:00+05:30","284"
"2021-06-23","2021-06-01 00:00:00+05:30","462"
"2021-06-24","2021-06-01 00:00:00+05:30","71"
"2021-06-25","2021-06-01 00:00:00+05:30","151"
"2021-06-26","2021-06-01 00:00:00+05:30","412"
"2021-06-27","2021-06-01 00:00:00+05:30","89"
"2021-06-28","2021-06-01 00:00:00+05:30","411"
"2021-06-29","2021-06-01 00:00:00+05:30","57"
"2021-06-30","2021-06-01 00:00:00+05:30","246"
"2021-07-01","2021-07-01 00:00:00+05:30","514"
"2021-07-02","2021-07-01 00:00:00+05:30","223"
"2021-07-03","2021-07-01 00:00:00+05:30","756"
"2021-07-04","2021-07-01 00:00:00+05:30","521"
"2021-07-05","2021-07-01 00:00:00+05:30","188"
"2021-07-06","2021-07-01 00:00:00+05:30","167"
"2021-07-07","2021-07-01 00:00:00+05:30","84"
"2021-07-08","2021-07-01 00:00:00+05:30","271"
"2021-07-09","2021-07-01 00:00:00+05:30","266"
"2021-07-10","2021-07-01 00:00:00+05:30","193"
"2021-07-11","2021-07-01 00:00:00+05:30","628"
"2021-07-12","2021-07-01 00:00:00+05:30","248"
"2021-07-13","2021-07-01 00:00:00+05:30","241"
"2021-07-14","2021-07-01 00:00:00+05:30","74"
"2021-07-15","2021-07-01 00:00:00+05:30","45"
"2021-07-16","2021-07-01 00:00:00+05:30","198"
"2021-07-17","2021-07-01 00:00:00+05:30","110"
"2021-07-18","2021-07-01 00:00:00+05:30","46"
"2021-07-19","2021-07-01 00:00:00+05:30","352"
"2021-07-20","2021-07-01 00:00:00+05:30","97"
"2021-07-21","2021-07-01 00:00:00+05:30","106"
"2021-07-22","2021-07-01 00:00:00+05:30","195"
"2021-07-24","2021-07-01 00:00:00+05:30","322"
"2021-07-25","2021-07-01 00:00:00+05:30","146"
"2021-07-26","2021-07-01 00:00:00+05:30","792"
"2021-07-27","2021-07-01 00:00:00+05:30","353"
"2021-07-28","2021-07-01 00:00:00+05:30","151"
"2021-07-30","2021-07-01 00:00:00+05:30","592"
"2021-07-31","2021-07-01 00:00:00+05:30","488"
"2021-08-01","2021-08-01 00:00:00+05:30","745"
"2021-08-02","2021-08-01 00:00:00+05:30","506"
"2021-08-03","2021-08-01 00:00:00+05:30","507"
"2021-08-04","2021-08-01 00:00:00+05:30","292"
"2021-08-05","2021-08-01 00:00:00+05:30","752"
"2021-08-06","2021-08-01 00:00:00+05:30","640"
"2021-08-07","2021-08-01 00:00:00+05:30","453"
"2021-08-08","2021-08-01 00:00:00+05:30","205"
"2021-08-09","2021-08-01 00:00:00+05:30","739"
"2021-08-10","2021-08-01 00:00:00+05:30","492"
"2021-08-11","2021-08-01 00:00:00+05:30","807"
"2021-08-12","2021-08-01 00:00:00+05:30","616"
"2021-08-13","2021-08-01 00:00:00+05:30","807"
"2021-08-14","2021-08-01 00:00:00+05:30","807"
"2021-08-15","2021-08-01 00:00:00+05:30","585"
"2021-08-16","2021-08-01 00:00:00+05:30","576"
"2021-08-17","2021-08-01 00:00:00+05:30","515"
"2021-08-18","2021-08-01 00:00:00+05:30","234"
"2021-08-19","2021-08-01 00:00:00+05:30","385"
"2021-08-20","2021-08-01 00:00:00+05:30","430"
"2021-08-21","2021-08-01 00:00:00+05:30","704"
"2021-08-22","2021-08-01 00:00:00+05:30","527"
"2021-08-23","2021-08-01 00:00:00+05:30","203"
"2021-08-24","2021-08-01 00:00:00+05:30","513"
"2021-08-25","2021-08-01 00:00:00+05:30","610"
"2021-08-26","2021-08-01 00:00:00+05:30","353"
"2021-08-27","2021-08-01 00:00:00+05:30","374"
"2021-08-28","2021-08-01 00:00:00+05:30","243"
"2021-08-29","2021-08-01 00:00:00+05:30","884"
"2021-08-30","2021-08-01 00:00:00+05:30","615"
"2021-08-31","2021-08-01 00:00:00+05:30","564"
"2021-09-01","2021-09-01 00:00:00+05:30","467"
"2021-09-02","2021-09-01 00:00:00+05:30","336"
"2021-09-03","2021-09-01 00:00:00+05:30","347"
"2021-09-04","2021-09-01 00:00:00+05:30","294"
"2021-09-05","2021-09-01 00:00:00+05:30","1111"
"2021-09-06","2021-09-01 00:00:00+05:30","545"
"2021-09-07","2021-09-01 00:00:00+05:30","837"
"2021-09-08","2021-09-01 00:00:00+05:30","660"
"2021-09-09","2021-09-01 00:00:00+05:30","373"
"2021-09-10","2021-09-01 00:00:00+05:30","461"
"2021-09-11","2021-09-01 00:00:00+05:30","376"
"2021-09-12","2021-09-01 00:00:00+05:30","301"
"2021-09-13","2021-09-01 00:00:00+05:30","735"
"2021-09-14","2021-09-01 00:00:00+05:30","589"
"2021-09-15","2021-09-01 00:00:00+05:30","615"
"2021-09-16","2021-09-01 00:00:00+05:30","936"
"2021-09-17","2021-09-01 00:00:00+05:30","923"
"2021-09-18","2021-09-01 00:00:00+05:30","981"
"2021-09-19","2021-09-01 00:00:00+05:30","851"
"2021-09-20","2021-09-01 00:00:00+05:30","579"
"2021-09-21","2021-09-01 00:00:00+05:30","416"
"2021-09-22","2021-09-01 00:00:00+05:30","1017"
"2021-09-23","2021-09-01 00:00:00+05:30","515"
"2021-09-24","2021-09-01 00:00:00+05:30","766"
"2021-09-25","2021-09-01 00:00:00+05:30","100"
"2021-09-26","2021-09-01 00:00:00+05:30","347"
"2021-09-27","2021-09-01 00:00:00+05:30","448"
"2021-09-28","2021-09-01 00:00:00+05:30","421"
"2021-09-29","2021-09-01 00:00:00+05:30","680"
"2021-09-30","2021-09-01 00:00:00+05:30","760"
"2021-10-01","2021-10-01 00:00:00+05:30","2286"
"2021-10-02","2021-10-01 00:00:00+05:30","1212"
"2021-10-03","2021-10-01 00:00:00+05:30","219"
"2021-10-04","2021-10-01 00:00:00+05:30","724"
"2021-10-05","2021-10-01 00:00:00+05:30","472"
"2021-10-06","2021-10-01 00:00:00+05:30","868"
"2021-10-07","2021-10-01 00:00:00+05:30","387"
"2021-10-08","2021-10-01 00:00:00+05:30","330"
"2021-10-09","2021-10-01 00:00:00+05:30","1184"
"2021-10-10","2021-10-01 00:00:00+05:30","701"
"2021-10-11","2021-10-01 00:00:00+05:30","406"
"2021-10-12","2021-10-01 00:00:00+05:30","537"
"2021-10-13","2021-10-01 00:00:00+05:30","255"
"2021-10-14","2021-10-01 00:00:00+05:30","323"
"2021-10-15","2021-10-01 00:00:00+05:30","999"
"2021-10-16","2021-10-01 00:00:00+05:30","105"
"2021-10-17","2021-10-01 00:00:00+05:30","970"
"2021-10-18","2021-10-01 00:00:00+05:30","871"
"2021-10-19","2021-10-01 00:00:00+05:30","464"
"2021-10-20","2021-10-01 00:00:00+05:30","678"
"2021-10-21","2021-10-01 00:00:00+05:30","373"
"2021-10-22","2021-10-01 00:00:00+05:30","653"
"2021-10-23","2021-10-01 00:00:00+05:30","399"
"2021-10-24","2021-10-01 00:00:00+05:30","630"
"2021-10-25","2021-10-01 00:00:00+05:30","726"
"2021-10-26","2021-10-01 00:00:00+05:30","557"
"2021-10-27","2021-10-01 00:00:00+05:30","1171"
"2021-10-28","2021-10-01 00:00:00+05:30","791"
"2021-10-29","2021-10-01 00:00:00+05:30","809"
"2021-10-30","2021-10-01 00:00:00+05:30","362"
"2021-10-31","2021-10-01 00:00:00+05:30","331"
"2021-11-01","2021-11-01 00:00:00+05:30","1930"
"2021-11-02","2021-11-01 00:00:00+05:30","1652"
"2021-11-03","2021-11-01 00:00:00+05:30","1938"
"2021-11-04","2021-11-01 00:00:00+05:30","1448"
"2021-11-05","2021-11-01 00:00:00+05:30","2423"
"2021-11-06","2021-11-01 00:00:00+05:30","1888"
"2021-11-07","2021-11-01 00:00:00+05:30","2413"
"2021-11-08","2021-11-01 00:00:00+05:30","2043"
"2021-11-09","2021-11-01 00:00:00+05:30","1755"
"2021-11-10","2021-11-01 00:00:00+05:30","2660"
"2021-11-11","2021-11-01 00:00:00+05:30","2320"
"2021-11-12","2021-11-01 00:00:00+05:30","809"
"2021-11-13","2021-11-01 00:00:00+05:30","2127"
"2021-11-14","2021-11-01 00:00:00+05:30","1977"
"2021-11-15","2021-11-01 00:00:00+05:30","1259"
"2021-11-16","2021-11-01 00:00:00+05:30","2049"
"2021-11-17","2021-11-01 00:00:00+05:30","2290"
"2021-11-18","2021-11-01 00:00:00+05:30","2062"
"2021-11-19","2021-11-01 00:00:00+05:30","2488"
"2021-11-20","2021-11-01 00:00:00+05:30","2240"
"2021-11-21","2021-11-01 00:00:00+05:30","1456"
"2021-11-22","2021-11-01 00:00:00+05:30","1714"
"2021-11-23","2021-11-01 00:00:00+05:30","1643"
"2021-11-24","2021-11-01 00:00:00+05:30","1227"
"2021-11-25","2021-11-01 00:00:00+05:30","3507"
"2021-11-26","2021-11-01 00:00:00+05:30","1257"
"2021-11-27","2021-11-01 00:00:00+05:30","2150"
"2021-11-28","2021-11-01 00:00:00+05:30","2201"
"2021-11-29","2021-11-01 00:00:00+05:30","2175"
"2021-11-30","2021-11-01 00:00:00+05:30","2527"
"2021-12-01","2021-12-01 00:00:00+05:30","4547"
"2021-12-02","2021-12-01 00:00:00+05:30","2086"
"2021-12-03","2021-12-01 00:00:00+05:30","2101"
"2021-12-04","2021-12-01 00:00:00+05:30","1903"
"2021-12-05","2021-12-01 00:00:00+05:30","2347"
"2021-12-06","2021-12-01 00:00:00+05:30","2740"
"2021-12-07","2021-12-01 00:00:00+05:30","1157"
"2021-12-08","2021-12-01 00:00:00+05:30","2041"
"2021-12-09","2021-12-01 00:00:00+05:30","1651"
"2021-12-10","2021-12-01 00:00:00+05:30","1542"
"2021-12-11","2021-12-01 00:00:00+05:30","2182"
"2021-12-12","2021-12-01 00:00:00+05:30","1179"
"2021-12-13","2021-12-01 00:00:00+05:30","1722"
"2021-12-14","2021-12-01 00:00:00+05:30","2346"
"2021-12-15","2021-12-01 00:00:00+05:30","1781"
"2021-12-16","2021-12-01 00:00:00+05:30","2278"
"2021-12-17","2021-12-01 00:00:00+05:30","1668"
"2021-12-18","2021-12-01 00:00:00+05:30","2383"
"2021-12-19","2021-12-01 00:00:00+05:30","3662"
"2021-12-20","2021-12-01 00:00:00+05:30","1526"
"2021-12-21","2021-12-01 00:00:00+05:30","1381"
"2021-12-22","2021-12-01 00:00:00+05:30","1926"
"2021-12-23","2021-12-01 00:00:00+05:30","2105"
"2021-12-24","2021-12-01 00:00:00+05:30","1209"
"2021-12-25","2021-12-01 00:00:00+05:30","3052"
"2021-12-26","2021-12-01 00:00:00+05:30","3035"
"2021-12-27","2021-12-01 00:00:00+05:30","3037"
"2021-12-28","2021-12-01 00:00:00+05:30","2246"
"2021-12-29","2021-12-01 00:00:00+05:30","2187"
"2021-12-30","2021-12-01 00:00:00+05:30","1236"
"2021-12-31","2021-12-01 00:00:00+05:30","2674"
"2022-01-03","2022-01-01 00:00:00+05:30","354"
"2022-01-04","2022-01-01 00:00:00+05:30","466"
"2022-01-05","2022-01-01 00:00:00+05:30","125"
"2022-01-06","2022-01-01 00:00:00+05:30","47"
"2022-01-08","2022-01-01 00:00:00+05:30","340"
"2022-01-09","2022-01-01 00:00:00+05:30","166"
"2022-01-10","2022-01-01 00:00:00+05:30","165"
"2022-01-11","2022-01-01 00:00:00+05:30","117"
"2022-01-12","2022-01-01 00:00:00+05:30","96"
"2022-01-13","2022-01-01 00:00:00+05:30","208"
"2022-01-14","2022-01-01 00:00:00+05:30","325"
"2022-01-15","2022-01-01 00:00:00+05:30","171"
"2022-01-17","2022-01-01 00:00:00+05:30","302"
"2022-01-18","2022-01-01 00:00:00+05:30","390"
"2022-01-19","2022-01-01 00:00:00+05:30","168"
"2022-01-20","2022-01-01 00:00:00+05:30","76"
"2022-01-21","2022-01-01 00:00:00+05:30","66"
"2022-01-22","2022-01-01 00:00:00+05:30","573"
"2022-01-23","2022-01-01 00:00:00+05:30","229"
"2022-01-25","2022-01-01 00:00:00+05:30","424"
"2022-01-26","2022-01-01 00:00:00+05:30","222"
"2022-01-27","2022-01-01 00:00:00+05:30","154"
"2022-01-28","2022-01-01 00:00:00+05:30","144"
"2022-01-29","2022-01-01 00:00:00+05:30","105"
"2022-01-30","2022-01-01 00:00:00+05:30","246"
"2022-02-01","2022-02-01 00:00:00+05:30","493"
"2022-02-02","2022-02-01 00:00:00+05:30","533"
"2022-02-04","2022-02-01 00:00:00+05:30","192"
"2022-02-05","2022-02-01 00:00:00+05:30","93"
"2022-02-06","2022-02-01 00:00:00+05:30","211"
"2022-02-07","2022-02-01 00:00:00+05:30","573"
"2022-02-08","2022-02-01 00:00:00+05:30","785"
"2022-02-09","2022-02-01 00:00:00+05:30","164"
"2022-02-10","2022-02-01 00:00:00+05:30","90"
"2022-02-11","2022-02-01 00:00:00+05:30","298"
"2022-02-12","2022-02-01 00:00:00+05:30","238"
"2022-02-13","2022-02-01 00:00:00+05:30","207"
"2022-02-14","2022-02-01 00:00:00+05:30","388"
"2022-02-15","2022-02-01 00:00:00+05:30","431"
"2022-02-16","2022-02-01 00:00:00+05:30","163"
"2022-02-17","2022-02-01 00:00:00+05:30","377"
"2022-02-18","2022-02-01 00:00:00+05:30","48"
"2022-02-19","2022-02-01 00:00:00+05:30","629"
"2022-02-20","2022-02-01 00:00:00+05:30","414"
"2022-02-21","2022-02-01 00:00:00+05:30","156"
"2022-02-22","2022-02-01 00:00:00+05:30","114"
"2022-02-23","2022-02-01 00:00:00+05:30","94"
"2022-02-24","2022-02-01 00:00:00+05:30","408"
"2022-02-25","2022-02-01 00:00:00+05:30","291"
"2022-02-26","2022-02-01 00:00:00+05:30","264"
"2022-02-27","2022-02-01 00:00:00+05:30","243"
"2022-02-28","2022-02-01 00:00:00+05:30","579"
"2022-03-01","2022-03-01 00:00:00+05:30","1012"
"2022-03-02","2022-03-01 00:00:00+05:30","324"
"2022-03-03","2022-03-01 00:00:00+05:30","370"
"2022-03-04","2022-03-01 00:00:00+05:30","133"
"2022-03-05","2022-03-01 00:00:00+05:30","56"
"2022-03-06","2022-03-01 00:00:00+05:30","355"
"2022-03-07","2022-03-01 00:00:00+05:30","154"
"2022-03-08","2022-03-01 00:00:00+05:30","60"
"2022-03-09","2022-03-01 00:00:00+05:30","163"
"2022-03-10","2022-03-01 00:00:00+05:30","172"
"2022-03-11","2022-03-01 00:00:00+05:30","80"
"2022-03-12","2022-03-01 00:00:00+05:30","102"
"2022-03-13","2022-03-01 00:00:00+05:30","605"
"2022-03-14","2022-03-01 00:00:00+05:30","72"
"2022-03-15","2022-03-01 00:00:00+05:30","129"
"2022-03-16","2022-03-01 00:00:00+05:30","24"
"2022-03-17","2022-03-01 00:00:00+05:30","155"
"2022-03-18","2022-03-01 00:00:00+05:30","321"
"2022-03-19","2022-03-01 00:00:00+05:30","756"
"2022-03-20","2022-03-01 00:00:00+05:30","62"
"2022-03-22","2022-03-01 00:00:00+05:30","346"
"2022-03-23","2022-03-01 00:00:00+05:30","402"
"2022-03-26","2022-03-01 00:00:00+05:30","72"
"2022-03-27","2022-03-01 00:00:00+05:30","283"
"2022-03-28","2022-03-01 00:00:00+05:30","135"
"2022-03-29","2022-03-01 00:00:00+05:30","47"
"2022-03-30","2022-03-01 00:00:00+05:30","672"
"2022-03-31","2022-03-01 00:00:00+05:30","46"
"2022-04-01","2022-04-01 00:00:00+05:30","83"
"2022-04-02","2022-04-01 00:00:00+05:30","153"
"2022-04-03","2022-04-01 00:00:00+05:30","201"
"2022-04-04","2022-04-01 00:00:00+05:30","72"
"2022-04-05","2022-04-01 00:00:00+05:30","261"
"2022-04-06","2022-04-01 00:00:00+05:30","246"
"2022-04-07","2022-04-01 00:00:00+05:30","206"
"2022-04-08","2022-04-01 00:00:00+05:30","35"
"2022-04-09","2022-04-01 00:00:00+05:30","414"
"2022-04-10","2022-04-01 00:00:00+05:30","329"
"2022-04-11","2022-04-01 00:00:00+05:30","95"
"2022-04-12","2022-04-01 00:00:00+05:30","85"
"2022-04-14","2022-04-01 00:00:00+05:30","129"
"2022-04-15","2022-04-01 00:00:00+05:30","309"
"2022-04-16","2022-04-01 00:00:00+05:30","104"
"2022-04-17","2022-04-01 00:00:00+05:30","123"
"2022-04-18","2022-04-01 00:00:00+05:30","23"
"2022-04-19","2022-04-01 00:00:00+05:30","99"
"2022-04-20","2022-04-01 00:00:00+05:30","165"
"2022-04-21","2022-04-01 00:00:00+05:30","377"
"2022-04-22","2022-04-01 00:00:00+05:30","150"
"2022-04-23","2022-04-01 00:00:00+05:30","445"
"2022-04-24","2022-04-01 00:00:00+05:30","17"
"2022-04-26","2022-04-01 00:00:00+05:30","678"
"2022-04-27","2022-04-01 00:00:00+05:30","112"
"2022-04-28","2022-04-01 00:00:00+05:30","61"
"2022-04-29","2022-04-01 00:00:00+05:30","397"
"2022-04-30","2022-04-01 00:00:00+05:30","224"
"2022-05-01","2022-05-01 00:00:00+05:30","221"
"2022-05-02","2022-05-01 00:00:00+05:30","561"
"2022-05-03","2022-05-01 00:00:00+05:30","419"
"2022-05-06","2022-05-01 00:00:00+05:30","289"
"2022-05-07","2022-05-01 00:00:00+05:30","63"
"2022-05-08","2022-05-01 00:00:00+05:30","154"
"2022-05-09","2022-05-01 00:00:00+05:30","317"
"2022-05-10","2022-05-01 00:00:00+05:30","165"
"2022-05-11","2022-05-01 00:00:00+05:30","17"
"2022-05-12","2022-05-01 00:00:00+05:30","178"
"2022-05-13","2022-05-01 00:00:00+05:30","252"
"2022-05-14","2022-05-01 00:00:00+05:30","608"
"2022-05-15","2022-05-01 00:00:00+05:30","390"
"2022-05-16","2022-05-01 00:00:00+05:30","140"
"2022-05-17","2022-05-01 00:00:00+05:30","140"
"2022-05-18","2022-05-01 00:00:00+05:30","457"
"2022-05-19","2022-05-01 00:00:00+05:30","208"
"2022-05-20","2022-05-01 00:00:00+05:30","52"
"2022-05-21","2022-05-01 00:00:00+05:30","170"
"2022-05-22","2022-05-01 00:00:00+05:30","643"
"2022-05-23","2022-05-01 00:00:00+05:30","313"
"2022-05-24","2022-05-01 00:00:00+05:30","46"
"2022-05-26","2022-05-01 00:00:00+05:30","174"
"2022-05-27","2022-05-01 00:00:00+05:30","288"
"2022-05-28","2022-05-01 00:00:00+05:30","237"
"2022-05-29","2022-05-01 00:00:00+05:30","132"
"2022-05-30","2022-05-01 00:00:00+05:30","788"
"2022-05-31","2022-05-01 00:00:00+05:30","367"
"2022-06-01","2022-06-01 00:00:00+05:30","126"
"2022-06-02","2022-06-01 00:00:00+05:30","339"
"2022-06-03","2022-06-01 00:00:00+05:30","189"
"2022-06-04","2022-06-01 00:00:00+05:30","155"
"2022-06-05","2022-06-01 00:00:00+05:30","66"
"2022-06-06","2022-06-01 00:00:00+05:30","367"
"2022-06-07","2022-06-01 00:00:00+05:30","18"
"2022-06-08","2022-06-01 00:00:00+05:30","201"
"2022-06-09","2022-06-01 00:00:00+05:30","220"
"2022-06-10","2022-06-01 00:00:00+05:30","246"
"2022-06-11","2022-06-01 00:00:00+05:30","312"
"2022-06-12","2022-06-01 00:00:00+05:30","108"
"2022-06-14","2022-06-01 00:00:00+05:30","231"
"2022-06-15","2022-06-01 00:00:00+05:30","162"
"2022-06-16","2022-06-01 00:00:00+05:30","108"
"2022-06-17","2022-06-01 00:00:00+05:30","456"
"2022-06-19","2022-06-01 00:00:00+05:30","283"
"2022-06-20","2022-06-01 00:00:00+05:30","240"
"2022-06-21","2022-06-01 00:00:00+05:30","288"
"2022-06-22","2022-06-01 00:00:00+05:30","200"
"2022-06-23","2022-06-01 00:00:00+05:30","273"
"2022-06-24","2022-06-01 00:00:00+05:30","147"
"2022-06-25","2022-06-01 00:00:00+05:30","409"
"2022-06-26","2022-06-01 00:00:00+05:30","258"
"2022-06-27","2022-06-01 00:00:00+05:30","347"
"2022-06-28","2022-06-01 00:00:00+05:30","212"
"2022-06-29","2022-06-01 00:00:00+05:30","215"
"2022-06-30","2022-06-01 00:00:00+05:30","180"
"2022-07-01","2022-07-01 00:00:00+05:30","270"
"2022-07-02","2022-07-01 00:00:00+05:30","478"
"2022-07-03","2022-07-01 00:00:00+05:30","129"
"2022-07-04","2022-07-01 00:00:00+05:30","57"
"2022-07-06","2022-07-01 00:00:00+05:30","206"
"2022-07-07","2022-07-01 00:00:00+05:30","125"
"2022-07-08","2022-07-01 00:00:00+05:30","95"
"2022-07-09","2022-07-01 00:00:00+05:30","266"
"2022-07-10","2022-07-01 00:00:00+05:30","299"
"2022-07-11","2022-07-01 00:00:00+05:30","363"
"2022-07-12","2022-07-01 00:00:00+05:30","170"
"2022-07-13","2022-07-01 00:00:00+05:30","117"
"2022-07-14","2022-07-01 00:00:00+05:30","197"
"2022-07-15","2022-07-01 00:00:00+05:30","438"
"2022-07-16","2022-07-01 00:00:00+05:30","235"
"2022-07-17","2022-07-01 00:00:00+05:30","162"
"2022-07-18","2022-07-01 00:00:00+05:30","201"
"2022-07-19","2022-07-01 00:00:00+05:30","399"
"2022-07-20","2022-07-01 00:00:00+05:30","329"
"2022-07-21","2022-07-01 00:00:00+05:30","474"
"2022-07-22","2022-07-01 00:00:00+05:30","165"
"2022-07-23","2022-07-01 00:00:00+05:30","448"
"2022-07-24","2022-07-01 00:00:00+05:30","187"
"2022-07-25","2022-07-01 00:00:00+05:30","58"
"2022-07-27","2022-07-01 00:00:00+05:30","192"
"2022-07-28","2022-07-01 00:00:00+05:30","188"
"2022-07-29","2022-07-01 00:00:00+05:30","234"
"2022-07-30","2022-07-01 00:00:00+05:30","331"
"2022-07-31","2022-07-01 00:00:00+05:30","82"
"2022-08-01","2022-08-01 00:00:00+05:30","854"
"2022-08-02","2022-08-01 00:00:00+05:30","1198"
"2022-08-03","2022-08-01 00:00:00+05:30","349"
"2022-08-04","2022-08-01 00:00:00+05:30","883"
"2022-08-05","2022-08-01 00:00:00+05:30","354"
"2022-08-06","2022-08-01 00:00:00+05:30","335"
"2022-08-07","2022-08-01 00:00:00+05:30","572"
"2022-08-08","2022-08-01 00:00:00+05:30","222"
"2022-08-09","2022-08-01 00:00:00+05:30","522"
"2022-08-10","2022-08-01 00:00:00+05:30","257"
"2022-08-11","2022-08-01 00:00:00+05:30","399"
"2022-08-12","2022-08-01 00:00:00+05:30","166"
"2022-08-13","2022-08-01 00:00:00+05:30","532"
"2022-08-14","2022-08-01 00:00:00+05:30","521"
"2022-08-15","2022-08-01 00:00:00+05:30","110"
"2022-08-16","2022-08-01 00:00:00+05:30","843"
"2022-08-17","2022-08-01 00:00:00+05:30","839"
"2022-08-18","2022-08-01 00:00:00+05:30","743"
"2022-08-19","2022-08-01 00:00:00+05:30","339"
"2022-08-20","2022-08-01 00:00:00+05:30","701"
"2022-08-21","2022-08-01 00:00:00+05:30","469"
"2022-08-22","2022-08-01 00:00:00+05:30","520"
"2022-08-23","2022-08-01 00:00:00+05:30","952"
"2022-08-24","2022-08-01 00:00:00+05:30","145"
"2022-08-25","2022-08-01 00:00:00+05:30","408"
"2022-08-26","2022-08-01 00:00:00+05:30","319"
"2022-08-27","2022-08-01 00:00:00+05:30","828"
"2022-08-28","2022-08-01 00:00:00+05:30","197"
"2022-08-29","2022-08-01 00:00:00+05:30","844"
"2022-08-30","2022-08-01 00:00:00+05:30","501"
"2022-08-31","2022-08-01 00:00:00+05:30","866"
"2022-09-01","2022-09-01 00:00:00+05:30","441"
"2022-09-02","2022-09-01 00:00:00+05:30","307"
"2022-09-03","2022-09-01 00:00:00+05:30","726"
"2022-09-04","2022-09-01 00:00:00+05:30","521"
"2022-09-05","2022-09-01 00:00:00+05:30","92"
"2022-09-06","2022-09-01 00:00:00+05:30","812"
"2022-09-07","2022-09-01 00:00:00+05:30","358"
"2022-09-08","2022-09-01 00:00:00+05:30","563"
"2022-09-09","2022-09-01 00:00:00+05:30","990"
"2022-09-10","2022-09-01 00:00:00+05:30","334"
"2022-09-11","2022-09-01 00:00:00+05:30","657"
"2022-09-12","2022-09-01 00:00:00+05:30","295"
"2022-09-13","2022-09-01 00:00:00+05:30","334"
"2022-09-14","2022-09-01 00:00:00+05:30","322"
"2022-09-15","2022-09-01 00:00:00+05:30","1220"
"2022-09-17","2022-09-01 00:00:00+05:30","613"
"2022-09-18","2022-09-01 00:00:00+05:30","742"
"2022-09-19","2022-09-01 00:00:00+05:30","464"
"2022-09-20","2022-09-01 00:00:00+05:30","314"
"2022-09-21","2022-09-01 00:00:00+05:30","512"
"2022-09-22","2022-09-01 00:00:00+05:30","376"
"2022-09-23","2022-09-01 00:00:00+05:30","398"
"2022-09-24","2022-09-01 00:00:00+05:30","645"
"2022-09-25","2022-09-01 00:00:00+05:30","328"
"2022-09-26","2022-09-01 00:00:00+05:30","289"
"2022-09-27","2022-09-01 00:00:00+05:30","363"
"2022-09-28","2022-09-01 00:00:00+05:30","460"
"2022-09-29","2022-09-01 00:00:00+05:30","411"
"2022-09-30","2022-09-01 00:00:00+05:30","921"
"2022-10-01","2022-10-01 00:00:00+05:30","1358"
"2022-10-02","2022-10-01 00:00:00+05:30","140"
"2022-10-03","2022-10-01 00:00:00+05:30","917"
"2022-10-04","2022-10-01 00:00:00+05:30","874"
"2022-10-05","2022-10-01 00:00:00+05:30","500"
"2022-10-06","2022-10-01 00:00:00+05:30","533"
"2022-10-07","2022-10-01 00:00:00+05:30","443"
"2022-10-08","2022-10-01 00:00:00+05:30","289"
"2022-10-09","2022-10-01 00:00:00+05:30","688"
"2022-10-10","2022-10-01 00:00:00+05:30","569"
"2022-10-11","2022-10-01 00:00:00+05:30","216"
"2022-10-12","2022-10-01 00:00:00+05:30","722"
"2022-10-13","2022-10-01 00:00:00+05:30","547"
"2022-10-14","2022-10-01 00:00:00+05:30","115"
"2022-10-15","2022-10-01 00:00:00+05:30","254"
"2022-10-16","2022-10-01 00:00:00+05:30","354"
"2022-10-17","2022-10-01 00:00:00+05:30","625"
"2022-10-18","2022-10-01 00:00:00+05:30","458"
"2022-10-19","2022-10-01 00:00:00+05:30","911"
"2022-10-20","2022-10-01 00:00:00+05:30","358"
"2022-10-21","2022-10-01 00:00:00+05:30","984"
"2022-10-22","2022-10-01 00:00:00+05:30","840"
"2022-10-23","2022-10-01 00:00:00+05:30","359"
"2022-10-24","2022-10-01 00:00:00+05:30","171"
"2022-10-25","2022-10-01 00:00:00+05:30","871"
"2022-10-26","2022-10-01 00:00:00+05:30","475"
"2022-10-27","2022-10-01 00:00:00+05:30","753"
"2022-10-28","2022-10-01 00:00:00+05:30","277"
"2022-10-29","2022-10-01 00:00:00+05:30","255"
"2022-10-30","2022-10-01 00:00:00+05:30","785"
"2022-10-31","2022-10-01 00:00:00+05:30","773"
"2022-11-01","2022-11-01 00:00:00+05:30","2235"
"2022-11-02","2022-11-01 00:00:00+05:30","2426"
"2022-11-03","2022-11-01 00:00:00+05:30","2473"
"2022-11-04","2022-11-01 00:00:00+05:30","2135"
"2022-11-05","2022-11-01 00:00:00+05:30","2018"
"2022-11-06","2022-11-01 00:00:00+05:30","2873"
"2022-11-07","2022-11-01 00:00:00+05:30","1433"
"2022-11-08","2022-11-01 00:00:00+05:30","2056"
"2022-11-09","2022-11-01 00:00:00+05:30","2422"
"2022-11-10","2022-11-01 00:00:00+05:30","2036"
"2022-11-11","2022-11-01 00:00:00+05:30","1740"
"2022-11-12","2022-11-01 00:00:00+05:30","2130"
"2022-11-13","2022-11-01 00:00:00+05:30","2195"
"2022-11-14","2022-11-01 00:00:00+05:30","1574"
"2022-11-15","2022-11-01 00:00:00+05:30","1974"
"2022-11-16","2022-11-01 00:00:00+05:30","2014"
"2022-11-17","2022-11-01 00:00:00+05:30","1781"
"2022-11-18","2022-11-01 00:00:00+05:30","1905"
"2022-11-19","2022-11-01 00:00:00+05:30","3015"
"2022-11-20","2022-11-01 00:00:00+05:30","2308"
"2022-11-21","2022-11-01 00:00:00+05:30","1694"
"2022-11-22","2022-11-01 00:00:00+05:30","1572"
"2022-11-23","2022-11-01 00:00:00+05:30","1442"
"2022-11-24","2022-11-01 00:00:00+05:30","1631"
"2022-11-25","2022-11-01 00:00:00+05:30","2235"
"2022-11-26","2022-11-01 00:00:00+05:30","1679"
"2022-11-27","2022-11-01 00:00:00+05:30","1970"
"2022-11-28","2022-11-01 00:00:00+05:30","1916"
"2022-11-29","2022-11-01 00:00:00+05:30","2086"
"2022-11-30","2022-11-01 00:00:00+05:30","2719"
"2022-12-01","2022-12-01 00:00:00+05:30","3528"
"2022-12-02","2022-12-01 00:00:00+05:30","2650"
"2022-12-03","2022-12-01 00:00:00+05:30","1588"
"2022-12-04","2022-12-01 00:00:00+05:30","1645"
"2022-12-05","2022-12-01 00:00:00+05:30","1766"
"2022-12-06","2022-12-01 00:00:00+05:30","2341"
"2022-12-07","2022-12-01 00:00:00+05:30","1153"
"2022-12-08","2022-12-01 00:00:00+05:30","1825"
"2022-12-09","2022-12-01 00:00:00+05:30","1426"
"2022-12-10","2022-12-01 00:00:00+05:30","2038"
"2022-12-11","2022-12-01 00:00:00+05:30","1226"
"2022-12-12","2022-12-01 00:00:00+05:30","1475"
"2022-12-13","2022-12-01 00:00:00+05:30","1337"
"2022-12-14","2022-12-01 00:00:00+05:30","1650"
"2022-12-15","2022-12-01 00:00:00+05:30","2427"
"2022-12-16","2022-12-01 00:00:00+05:30","2213"
"2022-12-17","2022-12-01 00:00:00+05:30","1917"
"2022-12-18","2022-12-01 00:00:00+05:30","1734"
"2022-12-19","2022-12-01 00:00:00+05:30","1728"
"2022-12-20","2022-12-01 00:00:00+05:30","3441"
"2022-12-21","2022-12-01 00:00:00+05:30","1012"
"2022-12-22","2022-12-01 00:00:00+05:30","2466"
"2022-12-23","2022-12-01 00:00:00+05:30","2226"
"2022-12-24","2022-12-01 00:00:00+05:30","1914"
"2022-12-25","2022-12-01 00:00:00+05:30","1480"
"2022-12-26","2022-12-01 00:00:00+05:30","1752"
"2022-12-27","2022-12-01 00:00:00+05:30","1479"
"2022-12-28","2022-12-01 00:00:00+05:30","1305"
"2022-12-29","2022-12-01 00:00:00+05:30","1280"
"2022-12-30","2022-12-01 00:00:00+05:30","1357"
"2022-12-31","2022-12-01 00:00:00+05:30","3433"
"2023-01-01","2023-01-01 00:00:00+05:30","229"
"2023-01-02","2023-01-01 00:00:00+05:30","162"
"2023-01-03","2023-01-01 00:00:00+05:30","442"
"2023-01-05","2023-01-01 00:00:00+05:30","443"
"2023-01-06","2023-01-01 00:00:00+05:30","102"
"2023-01-07","2023-01-01 00:00:00+05:30","15"
"2023-01-08","2023-01-01 00:00:00+05:30","336"
"2023-01-09","2023-01-01 00:00:00+05:30","183"
"2023-01-10","2023-01-01 00:00:00+05:30","109"
"2023-01-11","2023-01-01 00:00:00+05:30","372"
"2023-01-12","2023-01-01 00:00:00+05:30","38"
"2023-01-14","2023-01-01 00:00:00+05:30","156"
"2023-01-15","2023-01-01 00:00:00+05:30","241"
"2023-01-16","2023-01-01 00:00:00+05:30","92"
"2023-01-17","2023-01-01 00:00:00+05:30","372"
"2023-01-18","2023-01-01 00:00:00+05:30","384"
"2023-01-19","2023-01-01 00:00:00+05:30","346"
"2023-01-20","2023-01-01 00:00:00+05:30","234"
"2023-01-22","2023-01-01 00:00:00+05:30","233"
"2023-01-23","2023-01-01 00:00:00+05:30","39"
"2023-01-24","2023-01-01 00:00:00+05:30","469"
"2023-01-25","2023-01-01 00:00:00+05:30","387"
"2023-01-26","2023-01-01 00:00:00+05:30","303"
"2023-01-27","2023-01-01 00:00:00+05:30","396"
"2023-01-28","2023-01-01 00:00:00+05:30","313"
"2023-01-29","2023-01-01 00:00:00+05:30","148"
"2023-01-30","2023-01-01 00:00:00+05:30","121"
"2023-01-31","2023-01-01 00:00:00+05:30","44"
"2023-02-01","2023-02-01 00:00:00+05:30","243"
"2023-02-02","2023-02-01 00:00:00+05:30","186"
"2023-02-03","2023-02-01 00:00:00+05:30","473"
"2023-02-04","2023-02-01 00:00:00+05:30","384"
"2023-02-05","2023-02-01 00:00:00+05:30","171"
"2023-02-07","2023-02-01 00:00:00+05:30","335"
"2023-02-08","2023-02-01 00:00:00+05:30","277"
"2023-02-09","2023-02-01 00:00:00+05:30","412"
"2023-02-10","2023-02-01 00:00:00+05:30","116"
"2023-02-11","2023-02-01 00:00:00+05:30","84"
"2023-02-12","2023-02-01 00:00:00+05:30","510"
"2023-02-13","2023-02-01 00:00:00+05:30","684"
"2023-02-15","2023-02-01 00:00:00+05:30","226"
"2023-02-16","2023-02-01 00:00:00+05:30","290"
"2023-02-18","2023-02-01 00:00:00+05:30","597"
"2023-02-20","2023-02-01 00:00:00+05:30","105"
"2023-02-21","2023-02-01 00:00:00+05:30","414"
"2023-02-23","2023-02-01 00:00:00+05:30","361"
"2023-02-24","2023-02-01 00:00:00+05:30","22"
"2023-02-25","2023-02-01 00:00:00+05:30","108"
"2023-02-27","2023-02-01 00:00:00+05:30","180"
"2023-02-28","2023-02-01 00:00:00+05:30","389"
"2023-03-01","2023-03-01 00:00:00+05:30","279"
"2023-03-02","2023-03-01 00:00:00+05:30","202"
"2023-03-03","2023-03-01 00:00:00+05:30","326"
"2023-03-04","2023-03-01 00:00:00+05:30","246"
"2023-03-05","2023-03-01 00:00:00+05:30","497"
"2023-03-07","2023-03-01 00:00:00+05:30","395"
"2023-03-08","2023-03-01 00:00:00+05:30","132"
"2023-03-09","2023-03-01 00:00:00+05:30","136"
"2023-03-10","2023-03-01 00:00:00+05:30","42"
"2023-03-11","2023-03-01 00:00:00+05:30","220"
"2023-03-12","2023-03-01 00:00:00+05:30","135"
"2023-03-13","2023-03-01 00:00:00+05:30","66"
"2023-03-14","2023-03-01 00:00:00+05:30","73"
"2023-03-16","2023-03-01 00:00:00+05:30","372"
"2023-03-17","2023-03-01 00:00:00+05:30","304"
"2023-03-19","2023-03-01 00:00:00+05:30","518"
"2023-03-20","2023-03-01 00:00:00+05:30","389"
"2023-03-21","2023-03-01 00:00:00+05:30","23"
"2023-03-22","2023-03-01 00:00:00+05:30","561"
"2023-03-23","2023-03-01 00:00:00+05:30","172"
"2023-03-25","2023-03-01 00:00:00+05:30","255"
"2023-03-26","2023-03-01 00:00:00+05:30","120"
"2023-03-27","2023-03-01 00:00:00+05:30","102"
"2023-03-28","2023-03-01 00:00:00+05:30","419"
"2023-03-29","2023-03-01 00:00:00+05:30","154"
"2023-03-30","2023-03-01 00:00:00+05:30","207"
"2023-03-31","2023-03-01 00:00:00+05:30","314"
"2023-04-01","2023-04-01 00:00:00+05:30","349"
"2023-04-02","2023-04-01 00:00:00+05:30","343"
"2023-04-03","2023-04-01 00:00:00+05:30","299"
"2023-04-04","2023-04-01 00:00:00+05:30","227"
"2023-04-05","2023-04-01 00:00:00+05:30","150"
"2023-04-06","2023-04-01 00:00:00+05:30","98"
"2023-04-07","2023-04-01 00:00:00+05:30","260"
"2023-04-08","2023-04-01 00:00:00+05:30","217"
"2023-04-09","2023-04-01 00:00:00+05:30","119"
"2023-04-10","2023-04-01 00:00:00+05:30","108"
"2023-04-12","2023-04-01 00:00:00+05:30","216"
"2023-04-13","2023-04-01 00:00:00+05:30","177"
"2023-04-14","2023-04-01 00:00:00+05:30","191"
"2023-04-15","2023-04-01 00:00:00+05:30","118"
"2023-04-16","2023-04-01 00:00:00+05:30","115"
"2023-04-18","2023-04-01 00:00:00+05:30","193"
"2023-04-19","2023-04-01 00:00:00+05:30","348"
"2023-04-20","2023-04-01 00:00:00+05:30","252"
"2023-04-21","2023-04-01 00:00:00+05:30","437"
"2023-04-22","2023-04-01 00:00:00+05:30","47"
"2023-04-23","2023-04-01 00:00:00+05:30","330"
"2023-04-24","2023-04-01 00:00:00+05:30","134"
"2023-04-25","2023-04-01 00:00:00+05:30","262"
"2023-04-26","2023-04-01 00:00:00+05:30","123"
"2023-04-27","2023-04-01 00:00:00+05:30","516"
"2023-04-28","2023-04-01 00:00:00+05:30","104"
"2023-04-29","2023-04-01 00:00:00+05:30","181"
"2023-04-30","2023-04-01 00:00:00+05:30","165"
"2023-05-01","2023-05-01 00:00:00+05:30","552"
"2023-05-02","2023-05-01 00:00:00+05:30","562"
"2023-05-03","2023-05-01 00:00:00+05:30","138"
"2023-05-04","2023-05-01 00:00:00+05:30","156"
"2023-05-05","2023-05-01 00:00:00+05:30","132"
"2023-05-06","2023-05-01 00:00:00+05:30","306"
"2023-05-07","2023-05-01 00:00:00+05:30","319"
"2023-05-08","2023-05-01 00:00:00+05:30","211"
"2023-05-09","2023-05-01 00:00:00+05:30","125"
"2023-05-10","2023-05-01 00:00:00+05:30","502"
"2023-05-11","2023-05-01 00:00:00+05:30","90"
"2023-05-12","2023-05-01 00:00:00+05:30","44"
"2023-05-13","2023-05-01 00:00:00+05:30","412"
"2023-05-14","2023-05-01 00:00:00+05:30","29"
"2023-05-15","2023-05-01 00:00:00+05:30","68"
"2023-05-16","2023-05-01 00:00:00+05:30","365"
"2023-05-17","2023-05-01 00:00:00+05:30","43"
"2023-05-18","2023-05-01 00:00:00+05:30","579"
"2023-05-19","2023-05-01 00:00:00+05:30","101"
"2023-05-20","2023-05-01 00:00:00+05:30","280"
"2023-05-21","2023-05-01 00:00:00+05:30","189"
"2023-05-22","2023-05-01 00:00:00+05:30","495"
"2023-05-23","2023-05-01 00:00:00+05:30","471"
"2023-05-25","2023-05-01 00:00:00+05:30","73"
"2023-05-26","2023-05-01 00:00:00+05:30","295"
"2023-05-28","2023-05-01 00:00:00+05:30","148"
"2023-05-29","2023-05-01 00:00:00+05:30","402"
"2023-05-30","2023-05-01 00:00:00+05:30","403"
"2023-05-31","2023-05-01 00:00:00+05:30","486"
"2023-06-01","2023-06-01 00:00:00+05:30","227"
"2023-06-02","2023-06-01 00:00:00+05:30","524"
"2023-06-05","2023-06-01 00:00:00+05:30","85"
"2023-06-06","2023-06-01 00:00:00+05:30","425"
"2023-06-07","2023-06-01 00:00:00+05:30","204"
"2023-06-08","2023-06-01 00:00:00+05:30","31"
"2023-06-09","2023-06-01 00:00:00+05:30","223"
"2023-06-11","2023-06-01 00:00:00+05:30","102"
"2023-06-12","2023-06-01 00:00:00+05:30","108"
"2023-06-13","2023-06-01 00:00:00+05:30","388"
"2023-06-14","2023-06-01 00:00:00+05:30","399"
"2023-06-15","2023-06-01 00:00:00+05:30","775"
"2023-06-16","2023-06-01 00:00:00+05:30","40"
"2023-06-17","2023-06-01 00:00:00+05:30","406"
"2023-06-18","2023-06-01 00:00:00+05:30","74"
"2023-06-19","2023-06-01 00:00:00+05:30","545"
"2023-06-20","2023-06-01 00:00:00+05:30","266"
"2023-06-21","2023-06-01 00:00:00+05:30","375"
"2023-06-23","2023-06-01 00:00:00+05:30","329"
"2023-06-24","2023-06-01 00:00:00+05:30","487"
"2023-06-25","2023-06-01 00:00:00+05:30","156"
"2023-06-26","2023-06-01 00:00:00+05:30","393"
"2023-06-28","2023-06-01 00:00:00+05:30","314"
"2023-06-29","2023-06-01 00:00:00+05:30","186"
"2023-06-30","2023-06-01 00:00:00+05:30","398"
"2023-07-01","2023-07-01 00:00:00+05:30","184"
"2023-07-02","2023-07-01 00:00:00+05:30","426"
"2023-07-03","2023-07-01 00:00:00+05:30","31"
"2023-07-04","2023-07-01 00:00:00+05:30","287"
"2023-07-05","2023-07-01 00:00:00+05:30","183"
"2023-07-06","2023-07-01 00:00:00+05:30","300"
"2023-07-07","2023-07-01 00:00:00+05:30","135"
"2023-07-09","2023-07-01 00:00:00+05:30","131"
"2023-07-10","2023-07-01 00:00:00+05:30","50"
"2023-07-11","2023-07-01 00:00:00+05:30","40"
"2023-07-12","2023-07-01 00:00:00+05:30","186"
"2023-07-13","2023-07-01 00:00:00+05:30","168"
"2023-07-14","2023-07-01 00:00:00+05:30","94"
"2023-07-15","2023-07-01 00:00:00+05:30","165"
"2023-07-16","2023-07-01 00:00:00+05:30","188"
"2023-07-17","2023-07-01 00:00:00+05:30","297"
"2023-07-18","2023-07-01 00:00:00+05:30","88"
"2023-07-19","2023-07-01 00:00:00+05:30","593"
"2023-07-20","2023-07-01 00:00:00+05:30","405"
"2023-07-21","2023-07-01 00:00:00+05:30","277"
"2023-07-22","2023-07-01 00:00:00+05:30","67"
"2023-07-23","2023-07-01 00:00:00+05:30","16"
"2023-07-24","2023-07-01 00:00:00+05:30","290"
"2023-07-25","2023-07-01 00:00:00+05:30","427"
"2023-07-26","2023-07-01 00:00:00+05:30","272"
"2023-07-27","2023-07-01 00:00:00+05:30","595"
"2023-07-28","2023-07-01 00:00:00+05:30","344"
"2023-07-29","2023-07-01 00:00:00+05:30","462"
"2023-07-30","2023-07-01 00:00:00+05:30","195"
"2023-07-31","2023-07-01 00:00:00+05:30","42"
"2023-08-01","2023-08-01 00:00:00+05:30","276"
"2023-08-02","2023-08-01 00:00:00+05:30","239"
"2023-08-03","2023-08-01 00:00:00+05:30","1087"
"2023-08-04","2023-08-01 00:00:00+05:30","1134"
"2023-08-05","2023-08-01 00:00:00+05:30","312"
"2023-08-06","2023-08-01 00:00:00+05:30","801"
"2023-08-07","2023-08-01 00:00:00+05:30","236"
"2023-08-08","2023-08-01 00:00:00+05:30","413"
"2023-08-09","2023-08-01 00:00:00+05:30","862"
"2023-08-10","2023-08-01 00:00:00+05:30","1278"
"2023-08-11","2023-08-01 00:00:00+05:30","336"
"2023-08-12","2023-08-01 00:00:00+05:30","811"
"2023-08-13","2023-08-01 00:00:00+05:30","829"
"2023-08-14","2023-08-01 00:00:00+05:30","457"
"2023-08-15","2023-08-01 00:00:00+05:30","862"
"2023-08-16","2023-08-01 00:00:00+05:30","449"
"2023-08-17","2023-08-01 00:00:00+05:30","375"
"2023-08-18","2023-08-01 00:00:00+05:30","410"
"2023-08-19","2023-08-01 00:00:00+05:30","361"
"2023-08-20","2023-08-01 00:00:00+05:30","1206"
"2023-08-21","2023-08-01 00:00:00+05:30","734"
"2023-08-22","2023-08-01 00:00:00+05:30","171"
"2023-08-23","2023-08-01 00:00:00+05:30","770"
"2023-08-24","2023-08-01 00:00:00+05:30","395"
"2023-08-25","2023-08-01 00:00:00+05:30","903"
"2023-08-26","2023-08-01 00:00:00+05:30","731"
"2023-08-27","2023-08-01 00:00:00+05:30","568"
"2023-08-28","2023-08-01 00:00:00+05:30","625"
"2023-08-29","2023-08-01 00:00:00+05:30","335"
"2023-08-30","2023-08-01 00:00:00+05:30","564"
"2023-08-31","2023-08-01 00:00:00+05:30","76"
"2023-09-01","2023-09-01 00:00:00+05:30","548"
"2023-09-02","2023-09-01 00:00:00+05:30","477"
"2023-09-03","2023-09-01 00:00:00+05:30","277"
"2023-09-04","2023-09-01 00:00:00+05:30","363"
"2023-09-05","2023-09-01 00:00:00+05:30","468"
"2023-09-06","2023-09-01 00:00:00+05:30","618"
"2023-09-07","2023-09-01 00:00:00+05:30","667"
"2023-09-08","2023-09-01 00:00:00+05:30","271"
"2023-09-09","2023-09-01 00:00:00+05:30","255"
"2023-09-10","2023-09-01 00:00:00+05:30","361"
"2023-09-11","2023-09-01 00:00:00+05:30","549"
"2023-09-12","2023-09-01 00:00:00+05:30","218"
"2023-09-13","2023-09-01 00:00:00+05:30","814"
"2023-09-14","2023-09-01 00:00:00+05:30","357"
"2023-09-15","2023-09-01 00:00:00+05:30","299"
"2023-09-16","2023-09-01 00:00:00+05:30","844"
"2023-09-17","2023-09-01 00:00:00+05:30","1050"
"2023-09-18","2023-09-01 00:00:00+05:30","565"
"2023-09-19","2023-09-01 00:00:00+05:30","786"
"2023-09-20","2023-09-01 00:00:00+05:30","596"
"2023-09-21","2023-09-01 00:00:00+05:30","1272"
"2023-09-22","2023-09-01 00:00:00+05:30","481"
"2023-09-23","2023-09-01 00:00:00+05:30","490"
"2023-09-24","2023-09-01 00:00:00+05:30","911"
"2023-09-25","2023-09-01 00:00:00+05:30","698"
"2023-09-26","2023-09-01 00:00:00+05:30","782"
"2023-09-27","2023-09-01 00:00:00+05:30","145"
"2023-09-28","2023-09-01 00:00:00+05:30","1004"
"2023-09-29","2023-09-01 00:00:00+05:30","1084"
"2023-09-30","2023-09-01 00:00:00+05:30","353"
"2023-10-01","2023-10-01 00:00:00+05:30","1168"
"2023-10-02","2023-10-01 00:00:00+05:30","539"
"2023-10-03","2023-10-01 00:00:00+05:30","871"
"2023-10-04","2023-10-01 00:00:00+05:30","749"
"2023-10-05","2023-10-01 00:00:00+05:30","626"
"2023-10-06","2023-10-01 00:00:00+05:30","498"
"2023-10-07","2023-10-01 00:00:00+05:30","603"
"2023-10-08","2023-10-01 00:00:00+05:30","507"
"2023-10-09","2023-10-01 00:00:00+05:30","316"
"2023-10-10","2023-10-01 00:00:00+05:30","119"
"2023-10-11","2023-10-01 00:00:00+05:30","293"
"2023-10-12","2023-10-01 00:00:00+05:30","407"
"2023-10-13","2023-10-01 00:00:00+05:30","458"
"2023-10-14","2023-10-01 00:00:00+05:30","788"
"2023-10-15","2023-10-01 00:00:00+05:30","316"
"2023-10-16","2023-10-01 00:00:00+05:30","327"
"2023-10-17","2023-10-01 00:00:00+05:30","446"
"2023-10-18","2023-10-01 00:00:00+05:30","345"
"2023-10-19","2023-10-01 00:00:00+05:30","761"
"2023-10-20","2023-10-01 00:00:00+05:30","644"
"2023-10-21","2023-10-01 00:00:00+05:30","537"
"2023-10-22","2023-10-01 00:00:00+05:30","617"
"2023-10-23","2023-10-01 00:00:00+05:30","295"
"2023-10-24","2023-10-01 00:00:00+05:30","1226"
"2023-10-25","2023-10-01 00:00:00+05:30","249"
"2023-10-26","2023-10-01 00:00:00+05:30","1085"
"2023-10-27","2023-10-01 00:00:00+05:30","393"
"2023-10-28","2023-10-01 00:00:00+05:30","602"
"2023-10-29","2023-10-01 00:00:00+05:30","506"
"2023-10-30","2023-10-01 00:00:00+05:30","959"
"2023-10-31","2023-10-01 00:00:00+05:30","897"
"2023-11-01","2023-11-01 00:00:00+05:30","2339"
"2023-11-02","2023-11-01 00:00:00+05:30","1438"
"2023-11-03","2023-11-01 00:00:00+05:30","1484"
"2023-11-04","2023-11-01 00:00:00+05:30","2481"
"2023-11-05","2023-11-01 00:00:00+05:30","2588"
"2023-11-06","2023-11-01 00:00:00+05:30","2650"
"2023-11-07","2023-11-01 00:00:00+05:30","2054"
"2023-11-08","2023-11-01 00:00:00+05:30","3173"
"2023-11-09","2023-11-01 00:00:00+05:30","1848"
"2023-11-10","2023-11-01 00:00:00+05:30","1602"
"2023-11-11","2023-11-01 00:00:00+05:30","2570"
"2023-11-12","2023-11-01 00:00:00+05:30","2226"
"2023-11-13","2023-11-01 00:00:00+05:30","1422"
"2023-11-14","2023-11-01 00:00:00+05:30","1902"
"2023-11-15","2023-11-01 00:00:00+05:30","2570"
"2023-11-16","2023-11-01 00:00:00+05:30","2930"
"2023-11-17","2023-11-01 00:00:00+05:30","2294"
"2023-11-18","2023-11-01 00:00:00+05:30","2058"
"2023-11-19","2023-11-01 00:00:00+05:30","2324"
"2023-11-20","2023-11-01 00:00:00+05:30","2011"
"2023-11-21","2023-11-01 00:00:00+05:30","1722"
"2023-11-22","2023-11-01 00:00:00+05:30","1813"
"2023-11-23","2023-11-01 00:00:00+05:30","1725"
"2023-11-24","2023-11-01 00:00:00+05:30","1258"
"2023-11-25","2023-11-01 00:00:00+05:30","1905"
"2023-11-26","2023-11-01 00:00:00+05:30","2049"
"2023-11-27","2023-11-01 00:00:00+05:30","2300"
"2023-11-28","2023-11-01 00:00:00+05:30","1751"
"2023-11-29","2023-11-01 00:00:00+05:30","3163"
"2023-11-30","2023-11-01 00:00:00+05:30","1774"
"2023-12-01","2023-12-01 00:00:00+05:30","4918"
"2023-12-02","2023-12-01 00:00:00+05:30","3194"
"2023-12-03","2023-12-01 00:00:00+05:30","2103"
"2023-12-04","2023-12-01 00:00:00+05:30","1920"
"2023-12-05","2023-12-01 00:00:00+05:30","1875"
"2023-12-06","2023-12-01 00:00:00+05:30","2902"
"2023-12-07","2023-12-01 00:00:00+05:30","1470"
"2023-12-08","2023-12-01 00:00:00+05:30","1962"
"2023-12-09","2023-12-01 00:00:00+05:30","2520"
"2023-12-10","2023-12-01 00:00:00+05:30","2526"
"2023-12-11","2023-12-01 00:00:00+05:30","2091"
"2023-12-12","2023-12-01 00:00:00+05:30","2533"
"2023-12-13","2023-12-01 00:00:00+05:30","1762"
"2023-12-14","2023-12-01 00:00:00+05:30","2304"
"2023-12-15","2023-12-01 00:00:00+05:30","2389"
"2023-12-16","2023-12-01 00:00:00+05:30","2506"
"2023-12-17","2023-12-01 00:00:00+05:30","1791"
"2023-12-18","2023-12-01 00:00:00+05:30","1299"
"2023-12-19","2023-12-01 00:00:00+05:30","1956"
"2023-12-20","2023-12-01 00:00:00+05:30","1827"
"2023-12-21","2023-12-01 00:00:00+05:30","1412"
"2023-12-22","2023-12-01 00:00:00+05:30","1340"
"2023-12-23","2023-12-01 00:00:00+05:30","2670"
"2023-12-24","2023-12-01 00:00:00+05:30","1535"
"2023-12-25","2023-12-01 00:00:00+05:30","2434"
"2023-12-26","2023-12-01 00:00:00+05:30","1805"
"2023-12-27","2023-12-01 00:00:00+05:30","1512"
"2023-12-28","2023-12-01 00:00:00+05:30","1346"
"2023-12-29","2023-12-01 00:00:00+05:30","2954"
"2023-12-30","2023-12-01 00:00:00+05:30","1561"
"2023-12-31","2023-12-01 00:00:00+05:30","1675"
